{
  "0": {
    "0": 2,
    "1": 3,
    "2": -20,
    "3": 0.5,
    "4": 0.0020000000949949026
  },
  "1": {
    "0": 1,
    "1": 20,
    "2": 0.30000001192092896,
    "3": 1,
    "4": 0.5
  },
  "2": {
    "0": 20,
    "1": 480
  },
  "3": {
    "0": 0,
    "1": 0,
    "2": 0
  },
  "4": {
    "0": 0.5,
    "1": 5,
    "2": 0.20000000298023224,
    "3": 0
  },
  "5": {
    "0": 0.5,
    "1": 0.019999999552965164,
    "2": 0.019999999552965164,
    "3": 3
  },
  "6": {
    "0": 0,
    "1": 0,
    "2": 1,
    "3": 1,
    "4": 1
  },
  "7": {
    "0": 0,
    "1": 0.5
  }
}